time_ms,mass_flow_rate_kg_per_s
0.050000,0.000000
0.100000,0.000000
0.150000,0.000000
0.200000,0.000000
0.250000,0.000000
0.300000,0.032786
0.350000,0.143152
0.400000,0.253518
0.450000,0.363884
0.500000,0.474250
0.550000,0.584616
0.600000,0.694982
0.650000,0.805348
0.700000,0.915714
0.750000,1.026080
0.800000,1.136446
0.850000,1.246812
0.900000,1.357178
0.950000,1.467544
1.000000,1.577910
1.050000,1.688276
1.100000,1.798642
1.150000,1.909008
1.200000,2.019374
1.250000,2.129740
1.300000,2.240106
1.350000,2.342751
1.400000,2.445786
1.450000,2.549220
1.500000,2.653345
1.550000,2.756690
1.600000,2.858387
1.650000,2.955454
1.700000,3.048526
1.750000,3.136758
1.800000,3.220555
1.850000,3.300391
1.900000,3.377031
1.950000,3.448749
2.000000,3.516673
2.050000,3.579031
2.100000,3.636435
2.150000,3.691848
2.200000,3.745475
2.250000,3.797001
2.300000,3.847362
2.350000,3.897298
2.400000,3.946006
2.450000,3.992815
2.500000,4.036586
2.550000,4.077780
2.600000,4.117279
2.650000,4.154784
2.700000,4.190214
2.750000,4.224522
2.800000,4.257123
2.850000,4.288341
2.900000,4.317161
2.950000,4.342769
3.000000,4.365415
3.050000,4.387383
3.100000,4.409646
3.150000,4.433595
3.200000,4.458958
3.250000,4.482831
3.300000,4.503324
3.350000,4.521139
3.400000,4.535620
3.450000,4.549070
3.500000,4.563360
3.550000,4.576151
3.600000,4.588533
3.650000,4.600396
3.700000,4.610701
3.750000,4.618385
3.800000,4.623282
3.850000,4.626229
3.900000,4.629962
3.950000,4.633868
4.000000,4.638531
4.050000,4.645454
4.100000,4.652268
4.150000,4.657431
4.200000,4.660921
4.250000,4.663787
4.300000,4.666548
4.350000,4.670099
4.400000,4.674562
4.450000,4.681100
4.500000,4.687037
4.550000,4.689843
4.600000,4.689875
4.650000,4.687919
4.700000,4.686916
4.750000,4.687336
4.800000,4.688362
4.850000,4.689972
4.900000,4.693491
4.950000,4.695367
5.000000,4.694399
5.050000,4.693147
5.100000,4.692763
5.150000,4.694499
5.200000,4.698682
5.250000,4.704300
5.300000,4.712616
5.350000,4.721300
5.400000,4.727249
5.450000,4.732093
5.500000,4.737394
5.550000,4.742160
5.600000,4.748223
5.650000,4.755828
5.700000,4.764066
5.750000,4.772002
5.800000,4.775326
5.850000,4.774706
5.900000,4.773810
5.950000,4.772453
6.000000,4.771274
6.050000,4.771845
6.100000,4.773283
6.150000,4.775241
6.200000,4.775687
6.250000,4.773488
6.300000,4.769966
6.350000,4.767429
6.400000,4.764747
6.450000,4.763535
6.500000,4.763658
6.550000,4.763111
6.600000,4.760074
6.650000,4.754321
6.700000,4.745947
6.750000,4.738194
6.800000,4.730685
6.850000,4.723775
6.900000,4.718308
6.950000,4.713186
7.000000,4.707403
7.050000,4.700366
7.100000,4.691374
7.150000,4.682803
7.200000,4.675793
7.250000,4.670156
7.300000,4.666633
7.350000,4.664411
7.400000,4.661501
7.450000,4.656971
7.500000,4.650555
7.550000,4.641489
7.600000,4.632671
7.650000,4.624803
7.700000,4.617654
7.750000,4.611635
7.800000,4.605792
7.850000,4.597097
7.900000,4.587102
7.950000,4.574664
8.000000,4.562504
8.050000,4.552659
8.100000,4.544866
8.150000,4.539445
8.200000,4.535394
8.250000,4.527919
8.300000,4.516818
8.350000,4.504639
8.400000,4.493394
8.450000,4.483399
8.500000,4.474135
8.550000,4.464694
8.600000,4.454803
8.650000,4.443636
8.700000,4.430129
8.750000,4.414117
8.800000,4.396686
8.850000,4.379741
8.900000,4.364735
8.950000,4.350716
9.000000,4.337720
9.050000,4.326024
9.100000,4.313094
9.150000,4.298677
9.200000,4.284850
9.250000,4.272862
9.300000,4.263740
9.350000,4.257320
9.400000,4.251842
9.450000,4.248062
9.500000,4.244173
9.550000,4.237141
9.600000,4.228911
9.650000,4.221599
9.700000,4.215230
9.750000,4.210525
9.800000,4.206321
9.850000,4.202265
9.900000,4.197201
9.950000,4.190074
10.000000,4.180151
10.050000,4.171652
10.100000,4.165282
10.150000,4.160045
10.200000,4.156190
10.250000,4.152727
10.300000,4.148000
10.350000,4.142207
10.400000,4.132709
10.450000,4.122679
10.500000,4.114280
10.550000,4.105373
10.600000,4.096786
10.650000,4.089743
10.700000,4.083098
10.750000,4.074168
10.800000,4.062471
10.850000,4.048165
10.900000,4.036583
10.950000,4.025267
11.000000,4.013499
11.050000,4.003945
11.100000,3.994649
11.150000,3.983446
11.200000,3.970439
11.250000,3.955163
11.300000,3.940100
11.350000,3.926235
11.400000,3.911811
11.450000,3.898659
11.500000,3.886670
11.550000,3.872075
11.600000,3.855300
11.650000,3.837259
11.700000,3.820203
11.750000,3.805137
11.800000,3.791702
11.850000,3.779768
11.900000,3.769962
11.950000,3.760685
12.000000,3.750049
12.050000,3.739445
12.100000,3.728528
12.150000,3.718704
12.200000,3.710740
12.250000,3.704016
12.300000,3.699546
12.350000,3.695281
12.400000,3.688427
12.450000,3.680541
12.500000,3.671843
12.550000,3.662060
12.600000,3.652502
12.650000,3.643554
12.700000,3.634448
12.750000,3.624396
12.800000,3.611659
12.850000,3.596758
12.900000,3.580575
12.950000,3.565175
13.000000,3.550470
13.050000,3.538524
13.100000,3.529172
13.150000,3.521040
13.200000,3.513058
13.250000,3.503902
13.300000,3.494051
13.350000,3.485757
13.400000,3.478483
13.450000,3.472499
13.500000,3.467237
13.550000,3.459704
13.600000,3.450202
13.650000,3.440016
13.700000,3.428550
13.750000,3.416812
13.800000,3.404788
13.850000,3.393231
13.900000,3.383042
13.950000,3.373617
14.000000,3.364731
14.050000,3.355515
14.100000,3.346188
14.150000,3.337095
14.200000,3.330095
14.250000,3.324790
14.300000,3.322224
14.350000,3.321530
14.400000,3.320893
14.450000,3.319979
14.500000,3.318723
14.550000,3.314434
14.600000,3.309077
14.650000,3.304310
14.700000,3.300114
14.750000,3.296122
14.800000,3.291292
14.850000,3.284207
14.900000,3.275577
14.950000,3.264021
15.000000,3.251221
15.050000,3.239396
15.100000,3.228378
15.150000,3.217911
15.200000,3.207716
15.250000,3.196550
15.300000,3.184855
15.350000,3.171922
15.400000,3.158624
15.450000,3.146073
15.500000,3.135404
15.550000,3.125316
15.600000,3.115130
15.650000,3.105039
15.700000,3.092891
15.750000,3.078792
15.800000,3.061744
15.850000,3.045181
15.900000,3.030630
15.950000,3.016788
16.000000,3.002460
16.050000,2.989561
16.100000,2.976198
16.150000,2.961976
16.200000,2.947569
16.250000,2.934153
16.300000,2.922581
16.350000,2.912759
16.400000,2.904224
16.450000,2.897380
16.500000,2.891251
16.550000,2.883367
16.600000,2.874747
16.650000,2.867624
16.700000,2.861911
16.750000,2.857908
16.800000,2.855038
16.850000,2.853443
16.900000,2.852773
16.950000,2.850687
17.000000,2.847502
17.050000,2.845266
17.100000,2.844657
17.150000,2.845395
17.200000,2.847924
17.250000,2.851342
17.300000,2.854997
17.350000,2.858591
17.400000,2.859557
17.450000,2.860654
17.500000,2.863104
17.550000,2.865183
17.600000,2.867815
17.650000,2.871366
17.700000,2.874797
17.750000,2.877080
17.800000,2.876735
17.850000,2.875757
17.900000,2.876474
17.950000,2.876646
18.000000,2.876656
18.050000,2.878194
18.100000,2.879989
18.150000,2.880531
18.200000,2.879531
18.250000,2.876975
18.300000,2.875446
18.350000,2.874751
18.400000,2.873830
18.450000,2.873669
18.500000,2.874209
18.550000,2.871446
18.600000,2.866258
18.650000,2.860335
18.700000,2.854087
18.750000,2.847320
18.800000,2.838823
18.850000,2.829116
18.900000,2.819631
18.950000,2.810169
19.000000,2.799386
19.050000,2.788970
19.100000,2.778235
19.150000,2.768981
19.200000,2.761483
19.250000,2.755465
19.300000,2.751384
19.350000,2.748823
19.400000,2.744304
19.450000,2.739270
19.500000,2.733804
19.550000,2.726982
19.600000,2.719857
19.650000,2.713121
19.700000,2.706320
19.750000,2.699876
19.800000,2.690692
19.850000,2.679861
19.900000,2.668830
19.950000,2.657328
20.000000,2.645806
20.050000,2.636989
20.100000,2.629928
20.150000,2.623765
20.200000,2.618192
20.250000,2.611574
20.300000,2.605311
20.350000,2.599609
20.400000,2.593592
20.450000,2.588733
20.500000,2.585057
20.550000,2.580695
20.600000,2.575400
20.650000,2.568592
20.700000,2.560151
20.750000,2.550752
20.800000,2.541030
20.850000,2.531506
20.900000,2.523594
20.950000,2.515290
21.000000,2.505471
21.050000,2.495196
21.100000,2.484044
21.150000,2.472023
21.200000,2.460734
21.250000,2.449552
21.300000,2.439712
21.350000,2.430633
21.400000,2.421563
21.450000,2.412593
21.500000,2.403600
21.550000,2.393190
21.600000,2.383440
21.650000,2.374982
21.700000,2.367254
21.750000,2.360626
21.800000,2.354438
21.850000,2.347907
21.900000,2.341742
21.950000,2.334525
22.000000,2.326912
22.050000,2.321486
22.100000,2.317119
22.150000,2.314153
22.200000,2.312595
22.250000,2.311787
22.300000,2.310595
22.350000,2.307119
22.400000,2.302530
22.450000,2.297964
22.500000,2.293058
22.550000,2.286984
22.600000,2.281522
22.650000,2.276340
22.700000,2.271088
22.750000,2.265569
22.800000,2.258944
22.850000,2.253515
22.900000,2.250297
22.950000,2.248216
23.000000,2.247539
23.050000,2.249607
23.100000,2.252815
23.150000,2.256391
23.200000,2.259910
23.250000,2.264008
23.300000,2.269068
23.350000,2.274213
23.400000,2.278568
23.450000,2.283238
23.500000,2.287102
23.550000,2.288963
23.600000,2.288056
23.650000,2.287149
23.700000,2.286241
23.750000,2.285334
23.800000,2.284427
23.850000,2.283520
23.900000,2.282613
23.950000,2.281706
24.000000,2.280799
24.050000,2.279891
24.100000,2.278984
24.150000,2.278077
24.200000,2.277170
24.250000,2.276263
24.300000,2.275356
24.350000,2.274448
24.400000,2.273541
24.450000,2.272634
24.500000,2.271727
24.550000,2.270820
24.600000,2.269913
24.650000,2.269006
24.700000,2.268098
24.750000,2.267191
24.800000,2.266284