time_ms,pressure_mpa,pressure_raw_mpa,dp_dt_mpa_per_s,mass_flow_rate_kg_per_s,volumetric_flow_rate_m3_per_s,leak_velocity_m_per_s,orifice_flow_rate_kg_per_s,cumulative_leak_kg
0.050000,0.984848,0.986250,3.851274,0.000000,0.000000,0.000000,5.508669,0.000000
0.100000,0.984848,0.989170,3.032366,0.000000,0.000000,0.000000,5.508669,0.000000
0.150000,0.984848,0.985830,2.213457,0.000000,0.000000,0.000000,5.508669,0.000000
0.200000,0.984848,0.987080,1.394548,0.000000,0.000000,0.000000,5.508669,0.000000
0.250000,0.984848,0.986250,0.575639,0.000000,0.000000,0.000000,5.508669,0.000000
0.300000,0.984848,0.980420,-0.243270,0.032786,0.041516,4.562243,5.508669,0.000001
0.350000,0.984848,0.984170,-1.062178,0.143152,0.181271,19.919937,5.508669,0.000005
0.400000,0.984848,0.987920,-1.881087,0.253518,0.321026,35.277632,5.508669,0.000015
0.450000,0.984848,0.980420,-2.699996,0.363884,0.460781,50.635327,5.508669,0.000031
0.500000,0.984848,0.981670,-3.518905,0.474250,0.600536,65.993021,5.508669,0.000052
0.550000,0.984848,0.985000,-4.337814,0.584616,0.740292,81.350716,5.508669,0.000078
0.600000,0.984848,0.983750,-5.156722,0.694982,0.880047,96.708411,5.508669,0.000110
0.650000,0.984838,0.985830,-5.975631,0.805348,1.019812,112.067264,5.508612,0.000147
0.700000,0.984537,0.986250,-6.794540,0.915714,1.159923,127.464076,5.506928,0.000191
0.750000,0.984190,0.986250,-7.613449,1.026080,1.300181,142.877008,5.504986,0.000239
0.800000,0.983796,0.990420,-8.432358,1.136446,1.440605,158.308248,5.502786,0.000293
0.850000,0.983357,0.983330,-9.251266,1.246812,1.581216,173.759993,5.500327,0.000353
0.900000,0.982871,0.977080,-10.070175,1.357178,1.722033,189.234448,5.497611,0.000418
0.950000,0.982339,0.986250,-10.889084,1.467544,1.863078,204.733828,5.494635,0.000488
1.000000,0.981761,0.982920,-11.707993,1.577910,2.004369,220.260361,5.491402,0.000565
1.050000,0.981137,0.981670,-12.526902,1.688276,2.145928,235.816288,5.487910,0.000646
1.100000,0.980466,0.980420,-13.345810,1.798642,2.287775,251.403862,5.484160,0.000733
1.150000,0.979750,0.978750,-14.164719,1.909008,2.429931,267.025353,5.480152,0.000826
1.200000,0.978987,0.979170,-14.983628,2.019374,2.572416,282.683045,5.475886,0.000924
1.250000,0.978178,0.980420,-15.802537,2.129740,2.715251,298.379242,5.471361,0.001028
1.300000,0.977323,0.968330,-16.621445,2.240106,2.858458,314.116262,5.466578,0.001137
1.350000,0.976471,0.971250,-17.383063,2.342751,2.992046,328.796263,5.461810,0.001252
1.400000,0.975588,0.974170,-18.147577,2.445786,3.126463,343.567372,5.456873,0.001372
1.450000,0.974516,0.968330,-18.915047,2.549220,3.262267,358.490837,5.450879,0.001496
1.500000,0.973453,0.971250,-19.687647,2.653345,3.399224,373.541153,5.444932,0.001626
1.550000,0.972073,0.975420,-20.454466,2.756690,3.536635,388.641160,5.437215,0.001762
1.600000,0.970556,0.975420,-21.209046,2.858387,3.672837,403.608469,5.428727,0.001902
1.650000,0.969394,0.971250,-21.929276,2.955454,3.802115,417.814857,5.422225,0.002047
1.700000,0.968257,0.974580,-22.619865,3.048526,3.926454,431.478476,5.415867,0.002198
1.750000,0.966929,0.969170,-23.274544,3.136758,4.045646,444.576441,5.408438,0.002352
1.800000,0.965650,0.965000,-23.896311,3.220555,4.159222,457.057382,5.401287,0.002511
1.850000,0.964318,0.962920,-24.488692,3.300391,4.268217,469.034791,5.393835,0.002674
1.900000,0.962906,0.966250,-25.057355,3.377031,4.373736,480.630333,5.385936,0.002841
1.950000,0.961544,0.969170,-25.589493,3.448749,4.472946,491.532495,5.378319,0.003012
2.000000,0.960096,0.968330,-26.093486,3.516673,4.567923,501.969531,5.370218,0.003186
2.050000,0.958985,0.962920,-26.556181,3.579031,4.654306,511.462206,5.364006,0.003363
2.100000,0.958065,0.950830,-26.982117,3.636435,4.733499,520.164682,5.358859,0.003544
2.150000,0.956762,0.951250,-27.393276,3.691848,4.812173,528.810224,5.351571,0.003727
2.200000,0.955286,0.953330,-27.791185,3.745475,4.889615,537.320289,5.343317,0.003913
2.250000,0.953951,0.952080,-28.173501,3.797001,4.963817,545.474401,5.335850,0.004101
2.300000,0.952387,0.945830,-28.547178,3.847362,5.037915,553.617000,5.327101,0.004292
2.350000,0.950843,0.947500,-28.917702,3.897298,5.111589,561.713047,5.318466,0.004486
2.400000,0.949190,0.952080,-29.279113,3.946006,5.184489,569.724042,5.309218,0.004682
2.450000,0.947475,0.945830,-29.626432,3.992815,5.255482,577.525545,5.299627,0.004881
2.500000,0.946139,0.939580,-29.951208,4.036586,5.320600,584.681296,5.292152,0.005081
2.550000,0.944661,0.939580,-30.256865,4.077780,5.383309,591.572376,5.283883,0.005284
2.600000,0.942814,0.938750,-30.549947,4.117279,5.446098,598.472256,5.273556,0.005489
2.650000,0.941069,0.939580,-30.828230,4.154784,5.505899,605.043877,5.263794,0.005696
2.700000,0.939253,0.940000,-31.091116,4.190214,5.563590,611.383469,5.253633,0.005905
2.750000,0.937315,0.938330,-31.345679,4.224522,5.620735,617.663191,5.242798,0.006115
2.800000,0.935542,0.946670,-31.587576,4.257123,5.674848,623.609711,5.232878,0.006327
2.850000,0.933840,0.944170,-31.819212,4.288341,5.726880,629.327488,5.223359,0.006541
2.900000,0.932559,0.933330,-32.033055,4.317161,5.773289,634.427342,5.216193,0.006756
2.950000,0.931122,0.933750,-32.223067,4.342769,5.816494,639.175177,5.208158,0.006972
3.000000,0.929767,0.930000,-32.391098,4.365415,5.855348,643.444870,5.200576,0.007190
3.050000,0.928291,0.925830,-32.554098,4.387383,5.894170,647.711027,5.192321,0.007409
3.100000,0.926678,0.927920,-32.719290,4.409646,5.934390,652.130807,5.183300,0.007629
3.150000,0.924876,0.927080,-32.896992,4.433595,5.978250,656.950509,5.173217,0.007850
3.200000,0.923294,0.925420,-33.085184,4.458958,6.022745,661.840152,5.164373,0.008072
3.250000,0.921768,0.927500,-33.262315,4.482831,6.065018,666.485540,5.155834,0.008296
3.300000,0.920531,0.914170,-33.414373,4.503324,6.100932,670.432104,5.148914,0.008520
3.350000,0.919206,0.909170,-33.546560,4.521139,6.133896,674.054484,5.141504,0.008746
3.400000,0.917406,0.912500,-33.654006,4.535620,6.165615,677.540115,5.131436,0.008972
3.450000,0.915566,0.908750,-33.753806,4.549070,6.196327,680.915058,5.121144,0.009199
3.500000,0.913771,0.910420,-33.859838,4.563360,6.227998,684.395409,5.111107,0.009427
3.550000,0.911821,0.913750,-33.954746,4.576151,6.258816,687.781941,5.100196,0.009656
3.600000,0.909742,0.910830,-34.046623,4.588533,6.290091,691.218798,5.088569,0.009885
3.650000,0.907785,0.912500,-34.134641,4.600396,6.319949,694.499842,5.077622,0.010115
3.700000,0.905934,0.912500,-34.211107,4.610701,6.347045,697.477425,5.067271,0.010345
3.750000,0.904273,0.898750,-34.268118,4.618385,6.369301,699.923152,5.057979,0.010576
3.800000,0.902548,0.903330,-34.304454,4.623282,6.388238,702.004216,5.048332,0.010807
3.850000,0.900691,0.902080,-34.326321,4.626229,6.405497,703.900724,5.037940,0.011038
3.900000,0.898839,0.899170,-34.354018,4.629962,6.423872,705.919982,5.027583,0.011269
3.950000,0.896992,0.903330,-34.383004,4.633868,6.442532,707.970538,5.017250,0.011501
4.000000,0.895146,0.900830,-34.417601,4.638531,6.462309,710.143809,5.006929,0.011733
4.050000,0.893357,0.897080,-34.468968,4.645454,6.484916,712.628139,4.996921,0.011965
4.100000,0.891815,0.898750,-34.519528,4.652268,6.505659,714.907531,4.988295,0.012197
4.150000,0.890576,0.884170,-34.557838,4.657431,6.521939,716.696629,4.981365,0.012430
4.200000,0.889112,0.883750,-34.583737,4.660921,6.537571,718.414431,4.973178,0.012663
4.250000,0.887569,0.883330,-34.605000,4.663787,6.552965,720.106092,4.964546,0.012896
4.300000,0.885834,0.881250,-34.625488,4.666548,6.569688,721.943703,4.954841,0.013129
4.350000,0.883871,0.880420,-34.651831,4.670099,6.589285,724.097251,4.943863,0.013363
4.400000,0.881709,0.883750,-34.684947,4.674562,6.611755,726.566510,4.931770,0.013596
4.450000,0.879642,0.879170,-34.733464,4.681100,6.636565,729.292896,4.920206,0.013830
4.500000,0.877972,0.880830,-34.777515,4.687037,6.657621,731.606743,4.910865,0.014064
4.550000,0.876689,0.870830,-34.798330,4.689843,6.671350,733.115425,4.903692,0.014299
4.600000,0.874947,0.867920,-34.798567,4.689875,6.684679,734.580098,4.893948,0.014533
4.650000,0.873090,0.870420,-34.784055,4.687919,6.696109,735.836137,4.883557,0.014768
4.700000,0.871215,0.870420,-34.776618,4.686916,6.709085,737.262090,4.873069,0.015002
4.750000,0.869190,0.870000,-34.779734,4.687336,6.725318,739.045959,4.861743,0.015236
4.800000,0.867380,0.874170,-34.787344,4.688362,6.740823,740.749831,4.851621,0.015471
4.850000,0.865611,0.872500,-34.799287,4.689972,6.756919,742.518609,4.841725,0.015705
4.900000,0.863831,0.870000,-34.825398,4.693491,6.775925,744.607189,4.831767,0.015940
4.950000,0.862325,0.872080,-34.839318,4.695367,6.790469,746.205387,4.823346,0.016175
5.000000,0.861064,0.860000,-34.832135,4.694399,6.799015,747.144480,4.816290,0.016409
5.050000,0.859454,0.854170,-34.822851,4.693147,6.809933,748.344272,4.807287,0.016644
5.100000,0.857844,0.856670,-34.820000,4.692763,6.822157,749.687548,4.798280,0.016879
5.150000,0.856162,0.854170,-34.832880,4.694499,6.838084,751.437761,4.788875,0.017113
5.200000,0.854483,0.853750,-34.863918,4.698682,6.857628,753.585526,4.779482,0.017348
5.250000,0.852785,0.853750,-34.905605,4.704300,6.879501,755.989118,4.769982,0.017583
5.300000,0.850970,0.850000,-34.967305,4.712616,6.906358,758.940400,4.759832,0.017819
5.350000,0.849379,0.850830,-35.031741,4.721300,6.932048,761.763562,4.750930,0.018055
5.400000,0.847973,0.839170,-35.075883,4.727249,6.952291,763.988050,4.743066,0.018291
5.450000,0.846145,0.835000,-35.111828,4.732093,6.974451,766.423135,4.732842,0.018527
5.500000,0.844284,0.836670,-35.151156,4.737394,6.997646,768.972086,4.722437,0.018764
5.550000,0.842238,0.838750,-35.186524,4.742160,7.021709,771.616400,4.710989,0.019001
5.600000,0.840142,0.842080,-35.231509,4.748223,7.048223,774.530043,4.699267,0.019238
5.650000,0.838144,0.852500,-35.287940,4.755828,7.076344,777.620173,4.688090,0.019476
5.700000,0.836137,0.851670,-35.349062,4.764066,7.105616,780.836896,4.676864,0.019714
5.750000,0.834330,0.838750,-35.407948,4.772002,7.132863,783.831106,4.666759,0.019952
5.800000,0.832873,0.828330,-35.432609,4.775326,7.150320,785.749474,4.658608,0.020191
5.850000,0.831058,0.830000,-35.428009,4.774706,7.165002,787.362829,4.648459,0.020430
5.900000,0.829183,0.827080,-35.421362,4.773810,7.179857,788.995249,4.637971,0.020668
5.950000,0.827298,0.829580,-35.411291,4.772453,7.194173,790.568430,4.627426,0.020907
6.000000,0.825374,0.830420,-35.402549,4.771274,7.209162,792.215565,4.616664,0.021146
6.050000,0.823533,0.824170,-35.406781,4.771845,7.226139,794.081222,4.606368,0.021384
6.100000,0.821857,0.826250,-35.417453,4.773283,7.243064,795.941064,4.596990,0.021623
6.150000,0.820107,0.824580,-35.431981,4.775241,7.261495,797.966464,4.587203,0.021862
6.200000,0.818827,0.817500,-35.435287,4.775687,7.273529,799.288945,4.580040,0.022100
6.250000,0.817659,0.809170,-35.418977,4.773488,7.280561,800.061702,4.573510,0.022339
6.300000,0.815902,0.805420,-35.392842,4.769966,7.290856,801.192947,4.563683,0.022578
6.350000,0.814019,0.807920,-35.374018,4.767429,7.303838,802.619519,4.553149,0.022816
6.400000,0.812062,0.808330,-35.354119,4.764747,7.317317,804.100724,4.542205,0.023054
6.450000,0.810042,0.804580,-35.345124,4.763535,7.333703,805.901430,4.530903,0.023293
6.500000,0.808175,0.809580,-35.346038,4.763658,7.350827,807.783238,4.520464,0.023531
6.550000,0.806100,0.812920,-35.341978,4.763111,7.368911,809.770408,4.508853,0.023769
6.600000,0.804338,0.802920,-35.319445,4.760074,7.380340,811.026335,4.499001,0.024007
6.650000,0.802830,0.798750,-35.276756,4.754321,7.385270,811.568093,4.490563,0.024245
6.700000,0.800740,0.797920,-35.214622,4.745947,7.391502,812.252928,4.478875,0.024482
6.750000,0.798594,0.797080,-35.157098,4.738194,7.399258,813.105235,4.466871,0.024719
6.800000,0.796666,0.802500,-35.101375,4.730685,7.405410,813.781315,4.456086,0.024956
6.850000,0.794622,0.802500,-35.050108,4.723775,7.413617,814.683227,4.444652,0.025193
6.900000,0.792761,0.798750,-35.009540,4.718308,7.422414,815.649836,4.434246,0.025429
6.950000,0.791262,0.803750,-34.971538,4.713186,7.428408,816.308527,4.425859,0.025664
7.000000,0.789843,0.793750,-34.928631,4.707403,7.432617,816.771051,4.417925,0.025900
7.050000,0.788745,0.783330,-34.876411,4.700366,7.431844,816.686111,4.411779,0.026135
7.100000,0.787156,0.784170,-34.809694,4.691374,7.432598,816.769023,4.402893,0.026370
7.150000,0.785431,0.781250,-34.746095,4.682803,7.435307,817.066650,4.393247,0.026604
7.200000,0.783859,0.782500,-34.694081,4.675793,7.439073,817.480584,4.384450,0.026838
7.250000,0.782210,0.783330,-34.652254,4.670156,7.445765,818.215935,4.375228,0.027072
7.300000,0.780469,0.780000,-34.626118,4.666633,7.456745,819.422570,4.365490,0.027305
7.350000,0.778660,0.779170,-34.609633,4.664411,7.470513,820.935441,4.355371,0.027539
7.400000,0.776866,0.781670,-34.588035,4.661501,7.483092,822.317856,4.345336,0.027772
7.450000,0.775415,0.763750,-34.554427,4.656971,7.489804,823.055374,4.337223,0.028005
7.500000,0.773878,0.761250,-34.506822,4.650555,7.494343,823.554175,4.328625,0.028237
7.550000,0.771869,0.768750,-34.439549,4.641489,7.499199,824.087806,4.317388,0.028470
7.600000,0.769814,0.766250,-34.374122,4.632671,7.504936,824.718263,4.305892,0.028702
7.650000,0.767927,0.770830,-34.315742,4.624803,7.510603,825.340993,4.295336,0.028933
7.700000,0.765838,0.771250,-34.262696,4.617654,7.519447,826.312886,4.283652,0.029164
7.750000,0.763752,0.766250,-34.218032,4.611635,7.530150,827.489023,4.271987,0.029395
7.800000,0.761999,0.775000,-34.174678,4.605792,7.537912,828.341958,4.262181,0.029625
7.850000,0.760663,0.762080,-34.110164,4.597097,7.536895,828.230242,4.254709,0.029855
7.900000,0.759152,0.754170,-34.036005,4.587102,7.535485,828.075250,4.246254,0.030085
7.950000,0.757434,0.761670,-33.943711,4.574664,7.532088,827.701970,4.236649,0.030314
8.000000,0.755612,0.758330,-33.853483,4.562504,7.530184,827.492712,4.226456,0.030542
8.050000,0.753886,0.750830,-33.780435,4.552659,7.531143,827.598161,4.216799,0.030770
8.100000,0.752300,0.755830,-33.722617,4.544866,7.534101,827.923212,4.207929,0.030998
8.150000,0.750645,0.753330,-33.682389,4.539445,7.541700,828.758214,4.198674,0.031225
8.200000,0.749087,0.753750,-33.652333,4.535394,7.550646,829.741344,4.189957,0.031452
8.250000,0.747720,0.754170,-33.596869,4.527919,7.551978,829.887726,4.182314,0.031678
8.300000,0.746268,0.731670,-33.514502,4.516818,7.548123,829.464014,4.174191,0.031904
8.350000,0.744582,0.735830,-33.424131,4.504639,7.544820,829.101083,4.164758,0.032130
8.400000,0.742868,0.740830,-33.340695,4.493394,7.543345,828.939029,4.155174,0.032355
8.450000,0.741035,0.731670,-33.266533,4.483399,7.545190,829.141703,4.144918,0.032579
8.500000,0.739244,0.735830,-33.197797,4.474135,7.547835,829.432404,4.134904,0.032803
8.550000,0.737376,0.740830,-33.127743,4.464694,7.550989,829.779026,4.124455,0.033027
8.600000,0.735557,0.738330,-33.054351,4.454803,7.552891,829.987985,4.114281,0.033250
8.650000,0.733895,0.741670,-32.971492,4.443636,7.551022,829.782676,4.104983,0.033472
8.700000,0.732462,0.730000,-32.871269,4.430129,7.542800,828.879157,4.096966,0.033694
8.750000,0.730597,0.725830,-32.752468,4.414117,7.534722,827.991424,4.086536,0.033915
8.800000,0.728717,0.732920,-32.623125,4.396686,7.524332,826.849719,4.076018,0.034135
8.850000,0.726945,0.730000,-32.497400,4.379741,7.513598,825.670090,4.066111,0.034355
8.900000,0.725190,0.725830,-32.386057,4.364735,7.505979,824.832819,4.056293,0.034573
8.950000,0.723554,0.733330,-32.282032,4.350716,7.498789,824.042703,4.047141,0.034791
9.000000,0.721930,0.730420,-32.185600,4.337720,7.493208,823.429459,4.038056,0.035008
9.050000,0.720317,0.725000,-32.098819,4.326024,7.489734,823.047742,4.029036,0.035225
9.100000,0.719429,0.715000,-32.002883,4.313094,7.476565,821.600502,4.024070,0.035441
9.150000,0.718008,0.710420,-31.895904,4.298677,7.466327,820.475472,4.016118,0.035656
9.200000,0.716524,0.711670,-31.793312,4.284850,7.457722,819.529880,4.007819,0.035871
9.250000,0.715199,0.713330,-31.704358,4.272862,7.450629,818.750480,4.000410,0.036085
9.300000,0.713630,0.708330,-31.636679,4.263740,7.451075,818.799461,3.991632,0.036298
9.350000,0.711900,0.708750,-31.589044,4.257320,7.457935,819.553254,3.981956,0.036511
9.400000,0.710247,0.712500,-31.548396,4.251842,7.465677,820.404019,3.972708,0.036724
9.450000,0.708582,0.707080,-31.520344,4.248062,7.476566,821.600647,3.963395,0.036937
9.500000,0.707336,0.707500,-31.491488,4.244173,7.482881,822.294641,3.956424,0.037149
9.550000,0.706048,0.702080,-31.439313,4.237141,7.484105,822.429145,3.949223,0.037361
9.600000,0.704016,0.699170,-31.378249,4.228911,7.491130,823.201098,3.937857,0.037573
9.650000,0.702126,0.700000,-31.323991,4.221599,7.498308,823.989858,3.927285,0.037784
9.700000,0.700313,0.700830,-31.276735,4.215230,7.506376,824.876489,3.917145,0.037995
9.750000,0.698424,0.700830,-31.241823,4.210525,7.518275,826.184104,3.906580,0.038205
9.800000,0.696751,0.705830,-31.210628,4.206321,7.528810,827.341728,3.897218,0.038416
9.850000,0.695216,0.702920,-31.180536,4.202265,7.538148,828.367878,3.888638,0.038626
9.900000,0.693897,0.698330,-31.142964,4.197201,7.543380,828.942803,3.881258,0.038836
9.950000,0.692756,0.694580,-31.090079,4.190074,7.542972,828.897974,3.874877,0.039046
10.000000,0.691311,0.691250,-31.016450,4.180151,7.540842,828.663961,3.866792,0.039255
10.050000,0.689778,0.687080,-30.953393,4.171652,7.542231,828.816576,3.858220,0.039464
10.100000,0.688424,0.689580,-30.906123,4.165282,7.545532,829.179337,3.850643,0.039672
10.150000,0.686906,0.686250,-30.867263,4.160045,7.552700,829.967045,3.842151,0.039880
10.200000,0.685390,0.687080,-30.838662,4.156190,7.562385,831.031290,3.833675,0.040088
10.250000,0.684093,0.688750,-30.812968,4.152727,7.570407,831.912895,3.826422,0.040296
10.300000,0.682779,0.685000,-30.777895,4.148000,7.576346,832.565461,3.819070,0.040503
10.350000,0.681566,0.670000,-30.734910,4.142207,7.579233,832.882784,3.812284,0.040711
10.400000,0.679982,0.675420,-30.664438,4.132709,7.579470,832.908772,3.803424,0.040918
10.450000,0.678230,0.668330,-30.590016,4.122679,7.580606,833.033670,3.793624,0.041124
10.500000,0.676477,0.669170,-30.527691,4.114280,7.584760,833.490092,3.783822,0.041330
10.550000,0.674664,0.674580,-30.461607,4.105373,7.588681,833.921032,3.773680,0.041535
10.600000,0.672779,0.672920,-30.397888,4.096786,7.594029,834.508662,3.763134,0.041740
10.650000,0.671029,0.676250,-30.345633,4.089743,7.600739,835.246031,3.753349,0.041945
10.700000,0.669221,0.676250,-30.296328,4.083098,7.608896,836.142431,3.743233,0.042149
10.750000,0.667602,0.663750,-30.230065,4.074168,7.610660,836.336261,3.734181,0.042353
10.800000,0.666280,0.666670,-30.143272,4.062471,7.603876,835.590793,3.726781,0.042557
10.850000,0.664729,0.669580,-30.037124,4.048165,7.594779,834.591088,3.718106,0.042759
10.900000,0.663071,0.667920,-29.951185,4.036583,7.591986,834.284152,3.708832,0.042962
10.950000,0.661437,0.670830,-29.867225,4.025267,7.589397,833.999671,3.699697,0.043163
11.000000,0.659814,0.664580,-29.779903,4.013499,7.585823,833.606889,3.690618,0.043364
11.050000,0.658345,0.660830,-29.709011,4.003945,7.584651,833.478177,3.682401,0.043565
11.100000,0.657028,0.661670,-29.640039,3.994649,7.582216,833.210585,3.675032,0.043765
11.150000,0.655871,0.652500,-29.556915,3.983446,7.574292,832.339728,3.668560,0.043964
11.200000,0.654750,0.650000,-29.460404,3.970439,7.562476,831.041345,3.662294,0.044163
11.250000,0.653534,0.648330,-29.347059,3.955163,7.547406,829.385271,3.655488,0.044361
11.300000,0.652082,0.645420,-29.235292,3.940100,7.535398,828.065660,3.647370,0.044558
11.350000,0.650548,0.645420,-29.132414,3.926235,7.526585,827.097293,3.638790,0.044755
11.400000,0.649078,0.648330,-29.025390,3.911811,7.515924,825.925665,3.630565,0.044951
11.450000,0.647562,0.644170,-28.927802,3.898659,7.508189,825.075725,3.622086,0.045146
11.500000,0.646094,0.645000,-28.838842,3.886670,7.502103,824.406934,3.613877,0.045341
11.550000,0.644892,0.644580,-28.730548,3.872075,7.487862,822.842022,3.607153,0.045535
11.600000,0.643663,0.636670,-28.606081,3.855300,7.469665,820.842310,3.600276,0.045728
11.650000,0.642127,0.638750,-28.472217,3.837259,7.452487,818.954615,3.591688,0.045920
11.700000,0.640601,0.638750,-28.345659,3.820203,7.437037,817.256816,3.583151,0.046112
11.750000,0.638781,0.639170,-28.233872,3.805137,7.428820,816.353893,3.572968,0.046302
11.800000,0.637132,0.643330,-28.134183,3.791702,7.421751,815.576992,3.563744,0.046492
11.850000,0.635589,0.641670,-28.045633,3.779768,7.416350,814.983491,3.555114,0.046682
11.900000,0.634013,0.637920,-27.972878,3.769962,7.415497,814.889791,3.546300,0.046870
11.950000,0.632552,0.645420,-27.904038,3.760685,7.414336,814.762145,3.538126,0.047059
12.000000,0.631550,0.635420,-27.825125,3.750049,7.405090,813.746208,3.532525,0.047246
12.050000,0.630219,0.625830,-27.746441,3.739445,7.399752,813.159514,3.525078,0.047434
12.100000,0.628901,0.627500,-27.665436,3.728528,7.393611,812.484767,3.517705,0.047620
12.150000,0.627482,0.627500,-27.592545,3.718704,7.390808,812.176698,3.509768,0.047806
12.200000,0.626342,0.627080,-27.533453,3.710740,7.388396,811.911639,3.503395,0.047992
12.250000,0.625270,0.627920,-27.483563,3.704016,7.387649,811.829608,3.497400,0.048178
12.300000,0.623870,0.623330,-27.450391,3.699546,7.395296,812.669837,3.489567,0.048363
12.350000,0.622586,0.624580,-27.418746,3.695281,7.402005,813.407089,3.482385,0.048548
12.400000,0.621528,0.617920,-27.367893,3.688427,7.400858,813.281060,3.476465,0.048732
12.450000,0.620248,0.612500,-27.309374,3.680541,7.400269,813.216394,3.469307,0.048916
12.500000,0.618861,0.611670,-27.244837,3.671843,7.399332,813.113411,3.461547,0.049100
12.550000,0.617373,0.616250,-27.172246,3.662060,7.397397,812.900773,3.453227,0.049284
12.600000,0.615813,0.615000,-27.101327,3.652502,7.396783,812.833267,3.444500,0.049466
12.650000,0.614355,0.615830,-27.034938,3.643554,7.396175,812.766496,3.436345,0.049649
12.700000,0.612762,0.615000,-26.967367,3.634448,7.396862,812.842008,3.427438,0.049831
12.750000,0.611182,0.615420,-26.892783,3.624396,7.395480,812.690062,3.418597,0.050012
12.800000,0.609990,0.609580,-26.798277,3.611659,7.383896,811.417123,3.411928,0.050193
12.850000,0.608750,0.607920,-26.687713,3.596758,7.368409,809.715313,3.404993,0.050373
12.900000,0.607258,0.602500,-26.567639,3.580575,7.353275,808.052204,3.396649,0.050553
12.950000,0.605772,0.606250,-26.453366,3.565175,7.339613,806.550828,3.388335,0.050731
13.000000,0.604299,0.608750,-26.344260,3.550470,7.327155,805.181819,3.380097,0.050909
13.050000,0.602897,0.602920,-26.255624,3.538524,7.319484,804.338870,3.372255,0.051087
13.100000,0.601593,0.604580,-26.186231,3.529172,7.315958,803.951428,3.364963,0.051263
13.150000,0.600282,0.605000,-26.125892,3.521040,7.315043,803.850930,3.357629,0.051439
13.200000,0.599115,0.606250,-26.066666,3.513058,7.312677,803.590825,3.351102,0.051615
13.250000,0.598342,0.592080,-25.998730,3.503902,7.303042,802.532119,3.346778,0.051791
13.300000,0.597185,0.590000,-25.925631,3.494051,7.296618,801.826209,3.340306,0.051966
13.350000,0.595795,0.591250,-25.864092,3.485757,7.296277,801.788641,3.332533,0.052140
13.400000,0.594410,0.598330,-25.810121,3.478483,7.298025,801.980763,3.324782,0.052314
13.450000,0.593016,0.588330,-25.765716,3.472499,7.302588,802.482153,3.316989,0.052488
13.500000,0.591709,0.590000,-25.726673,3.467237,7.307628,803.036004,3.309678,0.052662
13.550000,0.590239,0.597080,-25.670785,3.459704,7.309921,803.287978,3.301452,0.052835
13.600000,0.588950,0.591250,-25.600278,3.450202,7.305798,802.834916,3.294243,0.053007
13.650000,0.587969,0.585420,-25.524701,3.440016,7.296385,801.800513,3.288755,0.053180
13.700000,0.586579,0.583750,-25.439619,3.428550,7.289291,801.020970,3.280982,0.053351
13.750000,0.585105,0.584170,-25.352522,3.416812,7.282631,800.289074,3.272739,0.053523
13.800000,0.583763,0.585420,-25.263311,3.404788,7.273692,799.306834,3.265231,0.053693
13.850000,0.582445,0.584580,-25.177555,3.393231,7.265409,798.396575,3.257857,0.053863
13.900000,0.581154,0.580420,-25.101955,3.383042,7.259677,797.766684,3.250639,0.054032
13.950000,0.579934,0.588330,-25.032019,3.373617,7.254685,797.218133,3.243813,0.054201
14.000000,0.578900,0.585000,-24.966086,3.364731,7.248503,796.538787,3.238029,0.054370
14.050000,0.578120,0.572500,-24.897709,3.355515,7.238401,795.428710,3.233667,0.054538
14.100000,0.577006,0.572920,-24.828499,3.346188,7.232216,794.749065,3.227436,0.054705
14.150000,0.575779,0.572500,-24.761027,3.337095,7.227927,794.277719,3.220575,0.054872
14.200000,0.574532,0.573330,-24.709089,3.330095,7.228418,794.331671,3.213601,0.055039
14.250000,0.573302,0.572500,-24.669727,3.324790,7.232396,794.768815,3.206717,0.055206
14.300000,0.572051,0.570420,-24.650689,3.322224,7.242618,795.892130,3.199720,0.055372
14.350000,0.570671,0.572080,-24.645536,3.321530,7.258607,797.649132,3.192005,0.055538
14.400000,0.569417,0.572500,-24.640816,3.320893,7.273199,799.252663,3.184990,0.055704
14.450000,0.568385,0.565000,-24.634033,3.319979,7.284406,800.484128,3.179215,0.055870
14.500000,0.567472,0.560000,-24.624709,3.318723,7.293363,801.468485,3.174109,0.056036
14.550000,0.566024,0.564170,-24.592885,3.314434,7.302567,802.479905,3.166011,0.056202
14.600000,0.564533,0.562500,-24.553135,3.309077,7.310029,803.299886,3.157667,0.056367
14.650000,0.563109,0.563750,-24.517768,3.304310,7.317957,804.171123,3.149703,0.056533
14.700000,0.561741,0.564580,-24.486632,3.300114,7.326453,805.104729,3.142055,0.056698
14.750000,0.560178,0.562080,-24.457010,3.296122,7.338010,806.374670,3.133312,0.056863
14.800000,0.559019,0.570420,-24.421171,3.291292,7.342457,806.863363,3.126826,0.057027
14.850000,0.558148,0.561670,-24.368606,3.284207,7.338080,806.382444,3.121956,0.057192
14.900000,0.556966,0.552920,-24.304571,3.275577,7.334323,805.969545,3.115347,0.057356
14.950000,0.555653,0.560420,-24.218822,3.264021,7.325729,805.025175,3.107998,0.057519
15.000000,0.554393,0.557920,-24.123852,3.251221,7.313582,803.690360,3.100952,0.057682
15.050000,0.553248,0.551670,-24.036109,3.239396,7.302057,802.423847,3.094550,0.057844
15.100000,0.552094,0.555000,-23.954355,3.228378,7.292431,801.365991,3.088096,0.058006
15.150000,0.550881,0.553330,-23.876690,3.217911,7.284792,800.526592,3.081311,0.058167
15.200000,0.549675,0.552500,-23.801044,3.207716,7.277646,799.741265,3.074565,0.058328
15.250000,0.548656,0.545830,-23.718197,3.196550,7.265790,798.438416,3.068862,0.058488
15.300000,0.547789,0.537080,-23.631417,3.184855,7.250657,796.775540,3.064015,0.058647
15.350000,0.546512,0.541670,-23.535455,3.171922,7.238091,795.394577,3.056871,0.058806
15.400000,0.545224,0.543330,-23.436785,3.158624,7.224773,793.931084,3.049667,0.058965
15.450000,0.543891,0.537500,-23.343657,3.146073,7.213701,792.714402,3.042211,0.059122
15.500000,0.542624,0.539580,-23.264496,3.135404,7.206022,791.870543,3.035125,0.059279
15.550000,0.541181,0.543330,-23.189641,3.125316,7.201993,791.427851,3.027052,0.059436
15.600000,0.539807,0.542920,-23.114067,3.115130,7.196787,790.855707,3.019369,0.059592
15.650000,0.538630,0.541250,-23.039192,3.105039,7.189154,790.016952,3.012784,0.059747
15.700000,0.537521,0.535000,-22.949056,3.092891,7.175807,788.550198,3.006579,0.059902
15.750000,0.536280,0.532920,-22.844440,3.078792,7.159620,786.771461,2.999640,0.060057
15.800000,0.535068,0.537080,-22.717945,3.061744,7.136105,784.187360,2.992860,0.060210
15.850000,0.533916,0.535830,-22.595047,3.045181,7.112821,781.628627,2.986414,0.060363
15.900000,0.532733,0.534170,-22.487081,3.030630,7.094545,779.620374,2.979800,0.060515
15.950000,0.531558,0.540420,-22.384375,3.016788,7.077751,777.774876,2.973228,0.060666
16.000000,0.530460,0.538750,-22.278061,3.002460,7.058722,775.683682,2.967084,0.060816
16.050000,0.529454,0.526670,-22.182349,2.989561,7.041745,773.818091,2.961460,0.060966
16.100000,0.528863,0.523750,-22.083197,2.976198,7.018104,771.220246,2.958153,0.061115
16.150000,0.528002,0.529170,-21.977674,2.961976,6.995958,768.786647,2.953337,0.061264
16.200000,0.527064,0.528330,-21.870770,2.947569,6.974314,766.408157,2.948092,0.061411
16.250000,0.526277,0.524580,-21.771226,2.934153,6.952955,764.061021,2.943689,0.061558
16.300000,0.525238,0.520420,-21.685360,2.922581,6.939235,762.553304,2.937877,0.061705
16.350000,0.524107,0.521670,-21.612484,2.912759,6.930839,761.630650,2.931551,0.061851
16.400000,0.523002,0.523330,-21.549157,2.904224,6.925139,761.004264,2.925367,0.061996
16.450000,0.521921,0.519170,-21.498373,2.897380,6.923119,760.782346,2.919324,0.062141
16.500000,0.520980,0.521670,-21.452897,2.891251,6.920954,760.544348,2.914060,0.062286
16.550000,0.519785,0.514580,-21.394396,2.883367,6.917957,760.215034,2.907373,0.062430
16.600000,0.518434,0.515830,-21.330440,2.874747,6.915246,759.917096,2.899818,0.062574
16.650000,0.517265,0.515830,-21.277586,2.867624,6.913700,759.747283,2.893279,0.062718
16.700000,0.516028,0.516670,-21.235196,2.861911,6.916460,760.050584,2.886363,0.062861
16.750000,0.514626,0.515420,-21.205490,2.857908,6.925602,761.055195,2.878520,0.063004
16.800000,0.513415,0.521670,-21.184201,2.855038,6.934974,762.085086,2.871744,0.063147
16.850000,0.512336,0.518750,-21.172367,2.853443,6.945692,763.262825,2.865711,0.063290
16.900000,0.511367,0.515000,-21.167393,2.852773,6.957225,764.530225,2.860289,0.063432
16.950000,0.510636,0.514580,-21.151912,2.850687,6.962085,765.064326,2.856201,0.063575
17.000000,0.509678,0.512500,-21.128283,2.847502,6.967372,765.645321,2.850846,0.063717
17.050000,0.508763,0.505830,-21.111691,2.845266,6.974425,766.420313,2.845726,0.063860
17.100000,0.507841,0.507080,-21.107170,2.844657,6.985595,767.647775,2.840568,0.064002
17.150000,0.506735,0.506250,-21.112649,2.845395,7.002658,769.522844,2.834382,0.064144
17.200000,0.505788,0.507500,-21.131414,2.847924,7.022008,771.649260,2.829083,0.064286
17.250000,0.504997,0.506670,-21.156777,2.851342,7.041451,773.785831,2.824658,0.064429
17.300000,0.504118,0.501670,-21.183893,2.854997,7.062761,776.127609,2.819745,0.064572
17.350000,0.503158,0.496670,-21.210558,2.858591,7.085148,778.587737,2.814373,0.064714
17.400000,0.501970,0.497920,-21.217727,2.859557,7.104320,780.694489,2.807727,0.064857
17.450000,0.500982,0.490830,-21.225871,2.860654,7.121061,782.534171,2.802202,0.065000
17.500000,0.499946,0.492080,-21.244047,2.863104,7.141921,784.826489,2.796409,0.065144
17.550000,0.498726,0.498750,-21.259472,2.865183,7.164597,787.318398,2.789583,0.065287
17.600000,0.497402,0.496250,-21.279002,2.867815,7.190258,790.138283,2.782180,0.065430
17.650000,0.496158,0.499580,-21.305351,2.871366,7.217224,793.101554,2.775218,0.065574
17.700000,0.494904,0.498750,-21.330807,2.874797,7.244144,796.059758,2.768208,0.065717
17.750000,0.493802,0.494580,-21.347746,2.877080,7.266077,798.470017,2.762044,0.065861
17.800000,0.492916,0.497500,-21.345186,2.876735,7.278276,799.810601,2.757084,0.066005
17.850000,0.491708,0.493750,-21.337932,2.875757,7.293675,801.502731,2.750328,0.066149
17.900000,0.490547,0.491250,-21.343255,2.876474,7.312750,803.598952,2.743838,0.066292
17.950000,0.489417,0.495420,-21.344532,2.876646,7.330078,805.503072,2.737515,0.066436
18.000000,0.488291,0.495830,-21.344606,2.876656,7.347010,807.363773,2.731216,0.066580
18.050000,0.487198,0.491670,-21.356017,2.878194,7.367424,809.606978,2.725104,0.066724
18.100000,0.486273,0.491670,-21.369333,2.879989,7.386039,811.652591,2.719931,0.066868
18.150000,0.485354,0.488750,-21.373358,2.880531,7.401426,813.343497,2.714788,0.067012
18.200000,0.484632,0.479170,-21.365936,2.879531,7.409870,814.271376,2.710753,0.067156
18.250000,0.483806,0.479580,-21.346967,2.876975,7.415933,814.937689,2.706132,0.067300
18.300000,0.482792,0.474170,-21.335627,2.875446,7.427558,816.215184,2.700461,0.067444
18.350000,0.481647,0.477080,-21.330466,2.874751,7.443425,817.958771,2.694053,0.067587
18.400000,0.480487,0.482080,-21.323636,2.873830,7.458995,819.669761,2.687568,0.067731
18.450000,0.479287,0.475000,-21.322441,2.873669,7.477266,821.677617,2.680851,0.067875
18.500000,0.478225,0.476250,-21.326448,2.874209,7.495276,823.656747,2.674911,0.068019
18.550000,0.477195,0.479170,-21.305944,2.871446,7.504229,824.640568,2.669152,0.068162
18.600000,0.476120,0.470000,-21.267450,2.866258,7.507580,825.008836,2.663140,0.068306
18.650000,0.475032,0.473330,-21.223502,2.860335,7.509222,825.189240,2.657056,0.068449
18.700000,0.473753,0.471250,-21.177145,2.854087,7.513054,825.610348,2.649900,0.068592
18.750000,0.472337,0.472080,-21.126930,2.847320,7.517716,826.122692,2.641977,0.068734
18.800000,0.471027,0.475000,-21.063883,2.838823,7.516122,825.947515,2.634651,0.068876
18.850000,0.469807,0.474580,-20.991860,2.829116,7.509873,825.260806,2.627827,0.069018
18.900000,0.468615,0.473330,-20.921482,2.819631,7.503730,824.585690,2.621162,0.069159
18.950000,0.467565,0.476250,-20.851277,2.810169,7.495347,823.664501,2.615288,0.069300
19.000000,0.466659,0.467500,-20.771264,2.799386,7.481075,822.096205,2.610222,0.069440
19.050000,0.465859,0.462080,-20.693977,2.788970,7.466053,820.445384,2.605742,0.069580
19.100000,0.465001,0.465000,-20.614328,2.778235,7.451034,818.794983,2.600945,0.069719
19.150000,0.463936,0.463750,-20.545660,2.768981,7.443256,817.940169,2.594990,0.069858
19.200000,0.463062,0.462080,-20.490028,2.761483,7.437123,817.266308,2.590098,0.069996
19.250000,0.462206,0.462500,-20.445373,2.755465,7.434652,816.994703,2.585312,0.070134
19.300000,0.461261,0.460000,-20.415095,2.751384,7.438855,817.456575,2.580025,0.070272
19.350000,0.460344,0.461250,-20.396089,2.748823,7.446732,818.322160,2.574896,0.070409
19.400000,0.459548,0.459580,-20.362558,2.744304,7.447363,818.391507,2.570445,0.070546
19.450000,0.458698,0.449170,-20.325209,2.739270,7.447483,818.404672,2.565689,0.070684
19.500000,0.457606,0.451670,-20.284651,2.733804,7.450352,818.719994,2.559584,0.070820
19.550000,0.456312,0.456250,-20.234031,2.726982,7.452835,818.992813,2.552346,0.070957
19.600000,0.454993,0.454170,-20.181161,2.719857,7.454916,819.221497,2.544966,0.071093
19.650000,0.453838,0.455830,-20.131187,2.713121,7.455377,819.272189,2.538507,0.071229
19.700000,0.452704,0.457080,-20.080718,2.706320,7.455323,819.266246,2.532161,0.071364
19.750000,0.451412,0.454580,-20.032906,2.699876,7.458844,819.653158,2.524939,0.071500
19.800000,0.450602,0.453750,-19.964765,2.690692,7.446844,818.334472,2.520406,0.071634
19.850000,0.449737,0.450830,-19.884399,2.679861,7.431126,816.607267,2.515570,0.071769
19.900000,0.448681,0.445420,-19.802547,2.668830,7.417954,815.159768,2.509663,0.071902
19.950000,0.447791,0.452500,-19.717202,2.657328,7.400665,813.259938,2.504685,0.072035
20.000000,0.446737,0.449580,-19.631712,2.645806,7.385971,811.645131,2.498786,0.072168
20.050000,0.445928,0.445830,-19.566291,2.636989,7.374717,810.408466,2.494260,0.072300
20.100000,0.445234,0.449170,-19.513899,2.629928,7.366418,809.496534,2.490383,0.072432
20.150000,0.444435,0.446250,-19.468167,2.623765,7.362379,809.052650,2.485910,0.072563
20.200000,0.443607,0.445420,-19.426815,2.618192,7.360452,808.840902,2.481279,0.072694
20.250000,0.443025,0.440420,-19.377709,2.611574,7.351492,807.856265,2.478024,0.072825
20.300000,0.442036,0.432080,-19.331242,2.605311,7.350276,807.722647,2.472491,0.072955
20.350000,0.440939,0.436250,-19.288932,2.599609,7.352422,807.958434,2.466359,0.073085
20.400000,0.439874,0.440000,-19.244285,2.593592,7.353174,808.041073,2.460399,0.073215
20.450000,0.438719,0.430830,-19.208234,2.588733,7.358717,808.650212,2.453940,0.073345
20.500000,0.437579,0.434170,-19.180957,2.585057,7.367414,809.605946,2.447562,0.073474
20.550000,0.436359,0.439170,-19.148595,2.580695,7.375546,810.499600,2.440738,0.073603
20.600000,0.435169,0.435830,-19.109300,2.575400,7.380541,811.048419,2.434082,0.073732
20.650000,0.434370,0.432920,-19.058784,2.568592,7.374559,810.391062,2.429616,0.073861
20.700000,0.433335,0.432920,-18.996153,2.560151,7.367887,809.657945,2.423825,0.073989
20.750000,0.432076,0.431670,-18.926413,2.550752,7.362237,809.037016,2.416780,0.074117
20.800000,0.431055,0.439170,-18.854281,2.541030,7.351545,807.862053,2.411071,0.074244
20.850000,0.430049,0.435000,-18.783611,2.531506,7.341122,806.716652,2.405444,0.074371
20.900000,0.429067,0.432080,-18.724905,2.523594,7.334931,806.036339,2.399950,0.074497
20.950000,0.428180,0.437500,-18.663287,2.515290,7.325932,805.047447,2.394991,0.074623
21.000000,0.427278,0.437500,-18.590435,2.505471,7.312740,803.597754,2.389945,0.074749
21.050000,0.426751,0.422500,-18.514196,2.495196,7.291741,801.290177,2.386999,0.074874
21.100000,0.426033,0.427080,-18.431448,2.484044,7.271381,799.052908,2.382984,0.074998
21.150000,0.425138,0.424170,-18.342254,2.472023,7.251441,796.861667,2.377973,0.075122
21.200000,0.424307,0.420830,-18.258488,2.460734,7.232459,794.775758,2.373326,0.075246
21.250000,0.423611,0.423750,-18.175522,2.449552,7.211413,792.462939,2.369437,0.075368
21.300000,0.422635,0.415420,-18.102504,2.439712,7.199029,791.102068,2.363977,0.075490
21.350000,0.421721,0.413330,-18.035144,2.430633,7.187785,789.866477,2.358865,0.075612
21.400000,0.420871,0.416250,-17.967843,2.421563,7.175436,788.509417,2.354107,0.075734
21.450000,0.420056,0.416250,-17.901287,2.412593,7.162725,787.112587,2.349549,0.075854
21.500000,0.419377,0.411250,-17.834554,2.403600,7.147574,785.447685,2.345752,0.075975
21.550000,0.418333,0.416670,-17.757319,2.393190,7.134380,783.997816,2.339913,0.076095
21.600000,0.417141,0.414580,-17.684971,2.383440,7.125616,783.034730,2.333246,0.076214
21.650000,0.416136,0.416250,-17.622216,2.374982,7.117480,782.140700,2.327624,0.076333
21.700000,0.415099,0.418750,-17.564875,2.367254,7.112050,781.544010,2.321821,0.076452
21.750000,0.413861,0.417500,-17.515691,2.360626,7.113345,781.686293,2.314898,0.076570
21.800000,0.412895,0.422080,-17.469778,2.354438,7.111296,781.461054,2.309496,0.076688
21.850000,0.412059,0.420420,-17.421322,2.347907,7.105961,780.874867,2.304819,0.076805
21.900000,0.411292,0.409170,-17.375572,2.341742,7.100509,780.275680,2.300531,0.076923
21.950000,0.410426,0.416250,-17.322023,2.334525,7.093575,779.513717,2.295683,0.077039
22.000000,0.409502,0.413750,-17.265534,2.326912,7.086387,778.723804,2.290518,0.077156
22.050000,0.408723,0.407080,-17.225274,2.321486,7.083349,778.390055,2.286157,0.077272
22.100000,0.408081,0.410830,-17.192873,2.317119,7.081146,778.147907,2.282567,0.077388
22.150000,0.407259,0.408330,-17.170866,2.314153,7.086348,778.719573,2.277971,0.077504
22.200000,0.406615,0.407080,-17.159306,2.312595,7.092794,779.427865,2.274369,0.077620
22.250000,0.406154,0.410000,-17.153309,2.311787,7.098358,780.039391,2.271792,0.077735
22.300000,0.405710,0.395000,-17.144468,2.310595,7.102472,780.491403,2.269306,0.077851
22.350000,0.404869,0.400000,-17.118672,2.307119,7.106521,780.936424,2.264600,0.077966
22.400000,0.404081,0.403330,-17.084621,2.302530,7.106211,780.902282,2.260194,0.078081
22.450000,0.403233,0.395000,-17.050743,2.297964,7.107035,780.992807,2.255451,0.078196
22.500000,0.402323,0.396670,-17.014342,2.293058,7.107901,781.088063,2.250362,0.078311
22.550000,0.401381,0.404170,-16.969278,2.286984,7.105711,780.847385,2.245093,0.078426
22.600000,0.400283,0.399170,-16.928744,2.281522,7.108176,781.118275,2.238954,0.078540
22.650000,0.399177,0.401250,-16.890300,2.276340,7.111689,781.504328,2.232766,0.078654
22.700000,0.398150,0.398330,-16.851327,2.271088,7.113582,781.712323,2.227021,0.078768
22.750000,0.397164,0.393330,-16.810379,2.265569,7.113922,781.749690,2.221503,0.078881
22.800000,0.396143,0.401250,-16.761219,2.258944,7.111387,781.471137,2.215796,0.078994
22.850000,0.395189,0.397920,-16.720937,2.253515,7.111431,781.475939,2.210457,0.079107
22.900000,0.394243,0.395000,-16.697061,2.250297,7.118313,782.232241,2.205167,0.079220
22.950000,0.393364,0.400420,-16.681615,2.248216,7.127624,783.255432,2.200249,0.079332
23.000000,0.392524,0.398750,-16.676592,2.247539,7.140722,784.694681,2.195552,0.079444
23.050000,0.391790,0.392500,-16.691940,2.249607,7.160689,786.888945,2.191445,0.079557
23.100000,0.391283,0.393330,-16.715743,2.252815,7.180185,789.031326,2.188611,0.079669
23.150000,0.390658,0.387920,-16.742274,2.256391,7.203089,791.548219,2.185115,0.079782
23.200000,0.389880,0.387920,-16.768387,2.259910,7.228716,794.364438,2.180764,0.079895
23.250000,0.389242,0.389580,-16.798795,2.264008,7.253691,797.108947,2.177196,0.080008
23.300000,0.388430,0.382920,-16.836338,2.269068,7.285108,800.561354,2.172652,0.080121
23.350000,0.387572,0.385830,-16.874513,2.274213,7.317790,804.152792,2.167853,0.080235
23.400000,0.386649,0.389170,-16.906829,2.278568,7.349303,807.615734,2.162691,0.080349
23.450000,0.385704,0.380830,-16.941476,2.283238,7.382415,811.254353,2.157403,0.080463
23.500000,0.384768,0.380420,-16.970152,2.287102,7.412887,814.602942,2.152172,0.080577
23.550000,0.384033,0.381250,-16.983958,2.288963,7.433128,816.827211,2.148057,0.080692
23.600000,0.383226,0.380000,-16.977227,2.288056,7.445832,818.223311,2.143542,0.080806
23.650000,0.382414,0.382500,-16.970496,2.287149,7.458685,819.635746,2.139000,0.080920
23.700000,0.381597,0.382080,-16.963765,2.286241,7.471689,821.064677,2.134431,0.081035
23.750000,0.380775,0.380830,-16.957034,2.285334,7.484843,822.510262,2.129834,0.081149
23.800000,0.379948,0.385420,-16.950303,2.284427,7.498151,823.972667,2.125210,0.081263
23.850000,0.379117,0.382920,-16.943572,2.283520,7.511614,825.452058,2.120558,0.081377
23.900000,0.378280,0.380420,-16.936841,2.282613,7.525232,826.948604,2.115880,0.081492
23.950000,0.377439,0.380000,-16.930110,2.281706,7.539009,828.462476,2.111174,0.081606
24.000000,0.376593,0.378330,-16.923378,2.280799,7.552944,829.993851,2.106441,0.081720
24.050000,0.375742,0.373330,-16.916647,2.279891,7.567040,831.542904,2.101681,0.081834
24.100000,0.374886,0.375420,-16.909916,2.278984,7.581299,833.109819,2.096893,0.081948
24.150000,0.374025,0.372500,-16.903185,2.278077,7.595722,834.694777,2.092079,0.082062
24.200000,0.373159,0.371250,-16.896454,2.277170,7.610311,836.297967,2.087237,0.082176
24.250000,0.372289,0.372500,-16.889723,2.276263,7.625068,837.919578,2.082367,0.082289
24.300000,0.371413,0.367920,-16.882992,2.275356,7.639994,839.559804,2.077471,0.082403
24.350000,0.370533,0.365000,-16.876261,2.274448,7.655091,841.218841,2.072547,0.082517
24.400000,0.369648,0.368330,-16.869530,2.273541,7.670362,842.896889,2.067596,0.082631
24.450000,0.368758,0.362080,-16.862799,2.272634,7.685807,844.594152,2.062618,0.082744
24.500000,0.367863,0.363750,-16.856068,2.271727,7.701429,846.310836,2.057612,0.082858
24.550000,0.366963,0.367920,-16.849337,2.270820,7.717229,848.047153,2.052579,0.082971
24.600000,0.366059,0.362920,-16.842606,2.269913,7.733210,849.803316,2.047519,0.083085
24.650000,0.365149,0.369170,-16.835875,2.269006,7.749374,851.579543,2.042432,0.083198
24.700000,0.364235,0.368750,-16.829144,2.268098,7.765722,853.376055,2.037318,0.083312
24.750000,0.363315,0.368330,-16.822413,2.267191,7.782257,855.193078,2.032176,0.083425
24.800000,0.362391,0.365830,-16.815682,2.266284,7.798981,857.030842,2.027007,0.083539
